{"4sjtDbXz1mAhEXEYO2mlLA==":"logo_clau-110x150.png","v7/77HKNemwH9+wcEURYYQ==":"logo_clau-110x110.jpg","TmaMfXI4J5bOeAtJj7hcMg==":"logo_clau-1-110x110.jpg","uJjS49LZ1ZRlkPY6VDEZHA==":"mbr-1920x1271.jpg","9/RP4PE4gXoQRiVI50UMaQ==":"mbr-1-1920x1271.jpg","qpz10ZyFDdZwXk4zHVXS0g==":"mbr-1920x1280.jpg","yLvk9Arp76oxhhnUt8QcIA==":"mbr-1920x1275.jpg","js6/8q3ak9IJVmrogIrvIQ==":"mbr-1-1920x1275.jpg","OCDViF4v4urtwYRuv1Pm+Q==":"mbr-510x510.jpg","N6QpwJhAtKfiQKsOFMyScw==":"mbr-510x286.jpg","JD5TxHcZKnt/ooDDAZKPGg==":"mbr-1-510x286.jpg","6vCXdvtyoFiwZdFKMZA2NA==":"mbr-510x383.jpg","TtKSrt8T5xldxF0AW3Wb1w==":"mbr-510x340.jpg","TSENhEgUivIC/ZazlMry+w==":"mbr-510x360.jpg","6MsTBU5yYxX9W3SDbyB4Qw==":"mbr-1-510x340.jpg","NO6Rba2ytIbB2VdqV7O0yg==":"mbr-2-1920x1275.jpg","Z+l7iYHCVT0Xhao1RNCRYA==":"mbr-1080x886.jpg","7Vu691UsPi5GNB0PAHjSGQ==":"mbr-1080x725.jpg","NIMKUd+6HZSvOhiY+Ey07A==":"mbr-510x762.jpg","yTZuTsKOaqOjEe2mbBsfRw==":"mbr-510x1020.jpg","XimCNHrQtzkKlCKDOe9MGw==":"mbr-510x468.jpg","bYXkCb9gxccGhTO0XpaErw==":"mbr-510x304.jpg","3+q89z67zGi7CSf8xfUpXQ==":"mbr-2-510x340.jpg","BSAIqztDy9vorlSpktaqmg==":"mbr-1-510x510.jpg","Y5RQQXtxBqksW1fCqbrxvg==":"mbr-1-510x383.jpg","41XSIJQaNki/Vpq5E41f3g==":"mbr-510x786.jpg","K0rN5bAvGx7h2NJ/itsSeg==":"smartfood_logo-85x132.png","RFp8w8pF4yAvChdK6t+nqQ==":"logo-110x110.jpg","ekhRzAHHUB+svjSpGh6uMw==":"carton%206oua-571x421.jpg","eQ3BB7qoNev+Ao245r60CA==":"04.jpg","SovsC1pT6BpNK6dprcVIGQ==":"mbr-1280x853.jpg","Is2LdEwIHD9NkoJl8moljg==":"mbr-1-1280x853.jpg","JL4dFFrzl3db+GMe7CpKhA==":"mbr-1920x1079.jpg","TLjkwBZD9vPFgC1xs6qusQ==":"mbr-1920x1459.jpg","OQB173N/yhGUDbB+UYkuHg==":"mbr-1350x1080.jpg","A5Z5NA8NWnuyzZcEO+c7JA==":"mbr-1-1080x886.jpg","pfVDGBh3swZzZjUlI3GP/A==":"mbr-2-1280x853.jpg","MlCDtY5QkDXyyidFF2v/dg==":"mbr-1920x1248.jpg","zL8S9oStOVuUX4UXY/V5zA==":"mbr-1-1920x1248.jpg","JCGVhVi2XrZd1QpNhUGsfA==":"mbr-1920x707.jpg","lo6srZ2drRQ8zfOhHMQN9w==":"mbr-1-1920x707.jpg","os4N2MB4EjFMLSJuj2jKAA==":"mbr-1-1920x1280.jpg","DeUXozmBSQAQ+YgPYtUYjA==":"mbr-2-1920x1280.jpg","rRBWuJYXEs+wjqfqvAfOQA==":"logo_raspberry_food-105x138.png","nvMnCtfmyfogHXucofeS/w==":"logo_raspberry_food-1-105x138.png","H1c/2CiwHOB4vRlgxOa0DA==":"logo_raspberry_food-2-105x138.png","6CNsVkpu9mF+JhG3yrO63w==":"logo_raspberry_food-83x110.jpg","N9OhmHIBsheDAhArUYwLAw==":"logo_raspberry_food-3-105x138.png","wlE6O/a3aEs29TGghfRJCw==":"logo_raspberry_food-110x110.png","wQfymFVzeTnYsEL8qsjzxA==":"logo_raspberry_food-1-110x110.png","zahxU2F2SpGUxjqn+D6nNw==":"logo_raspberry_food-55x55.png","SSaSfY70K39OZj4SfOXaNg==":"oil-1260x296.jpg","DvKpewTkYdlwoE/MB8NrGg==":"heart-careoil-splash-601x666.png","r/sI4IveJAG7op264RTwvA==":"heart-careoil-splash-1-601x666.png","GZyCfrRstTG0/eNBWZR5Tg==":"oil-1-1260x296.jpg","HJv+QvT+vV3wyMbUMXORwA==":"milk2-330x240.jpg","wTEefsx3ZONhUT51eHGwKw==":"milk2-1-330x240.jpg","/70AS+Fxg/DMWKHlCPWwSg==":"milk-1400x1016.jpg","OFCqL4ySUUgrkaw8UtwjvA==":"milk-1-1400x1016.jpg","8100P1g6cJiCjzU7LS9oyw==":"milk-2-1400x1016.jpg","eFQxLd3WUnWGfOx5y/g/gg==":"milk-3-1400x1016.jpg","DJp2SUtO3r272nhzd0ZBDw==":"oil-2-1260x296.jpg","Gy+G6MA3bSE8iptAEXZKkw==":"flour-1170x683.jpg","EbLarCGkeie+qjGKVNkNfA==":"why-white-sugar-1280x600.jpg","as24H07U5m+U41HHumSy2Q==":"fresh-white-eggs-500x320.jpg","FrV4ZqnEeNeBzMQY1Jj2+w==":"eggs-443x332.jpg","83+Ed1E86Uvao95Wtu2ryQ==":"white_eggs-300x225.jpg","1owI9V2z5yCD5ZlEEYSVFQ==":"fresh-white-eggs-1-500x320.jpg","Jaet/GVrbP3cAAbVP2OsDQ==":"eggs-1-443x332.jpg","A/60gVtNJhYPJmjJ1k9w1Q==":"white_eggs-1-300x225.jpg","n+6uATC6vA9VEv/xvuXdFw==":"why-white-sugar-1-1280x600.jpg","uxNo/cUFVoB9tI/EACtidg==":"milk-4-1400x1016.jpg","TnwdMFX3LvmCsOynLKOuzQ==":"why-white-sugar-2-1280x600.jpg","h0zhWTVv6GFWLbZuu4N+Vw==":"why-white-sugar-3-1280x600.jpg","hW8/yzlgL8pD3bRCvwqBCw==":"fresh-white-eggs-2-500x320.jpg","n6qAkb1kKHXIpw0Wkrg0zg==":"mbr-510x721.jpg","bqp1H8ahPkOstgtNGTvrGw==":"mbr-1-510x721.jpg"}